('에일리(Ailee)', '80120704')
('정승환', '80213200')
('벤', '80093826')
('케이윌', '80013575')
('황치열', '80020677')
('김동률', '4265')
('김범수', '6886')
('김연우', '6304')
('박효신', '1876')
('백지영', '3669')
('거미', '37724')
('변진섭', '1955')
('린(LYn)', '32151')
('성시경', '2946')
('신승훈', '2141')
('휘성(Realslow)', '31236')
('유재하', '3487')
('윤종신', '2459')
('이소라', '1915')
('조성모', '1907')
('태민 (TAEMIN)', '80044240')
('청하', '80259080')
('선미', '80022186')
('DJ DOC', '1390')
('김완선', '5347')
('듀스(Deux)', '6240')
('노라조', '80011581')
('박남정', '5464')
('터보(TURBO)', '1376')
('클론(CLON)', '1378')
('박진영', '15252')
('보아 (BoA)', '1168')
('비', '20692')
('싸이 (PSY)', '3572')
('서태지와 아이들', '1458')
('엄정화', '4886')
('이정현', '3579')
('이효리', '4933')
('코요태', '46907')
('쿨(COOL)', '1389')
('볼빨간사춘기', '80210668')
('백예린', '80137177')
('헤이즈(HEIZE)', '80178434')
('폴킴(Paul Kim)', '80178689')
('멜로망스(MeloMance)', '80223033')
('다비치', '80041466')
('권진아', '80182768')
('015B', '4592')
('아이유(IU)', '80049126')
('김건모', '263')
('김현식', '6015')
('김현철', '98')
('악동뮤지션(AKMU)', '80141499')
('어반 자카파(Urban Zakapa)', '80057634')
('윤상', '2148')
('이문세', '3659')
('이승철', '49')
('이승환', '48677')
('인순이', '4009')
('조용필', '4952')
('10cm(십센치)', '80067149')
('장필순', '2538')
('김광석', '64')
('동물원', '31331')
('버스커 버스커(Busker Busker)', '80110449')
('송창식', '4877')
('시인과 촌장', '3746')
('안치환', '2026')
('양희은', '4885')
('옥상달빛', '80063748')
('윤형주', '2461')
('커피소년', '80076875')
('한대수', '4574')
('해바라기', '21982')
('방탄소년단', '80079394')
('DAY6 (데이식스)', '80245739')
('몬스타엑스(Monsta X)', '80229195')
('세븐틴(Seventeen)', '80232283')
('뉴이스트', '80122235')
('NCT', '80303692')
('iKON', '80246729')
('GOT7 (갓세븐)', '80178297')
('EXO', '80155940')
('BIGBANG', '80020023')
('WINNER', '80194890')
('B1A4', '80098436')
('SHINee (샤이니)', '80044237')
('2PM', '80048272')
('하이라이트(Highlight)', '80279560')
('SUPER JUNIOR (슈퍼주니어)', '80013533')
('씨엔블루(CNBLUE)', '80063207')
('인피니트(Infinite)', '80068051')
('BLACKPINK', '20022492')
('Red Velvet (레드벨벳)', '80199440')
('(여자)아이들', '20056456')
('마마무(Mamamoo)', '80177857')
('TWICE (트와이스)', '80249916')
('오마이걸(OH MY GIRL)', '80226913')
('여자친구(GFRIEND)', '80216536')
('모모랜드(MOMOLAND)', '80271242')
('EXID', '80120879')
("소녀시대 (GIRLS' GENERATION)", '80026432')
('2NE1', '80054982')
('원더걸스', '80022182')
('씨스타(Sistar)', '80069630')
('미쓰 에이(miss A)', '80073013')
('포미닛(4minute)', '80057260')
('Apink (에이핑크)', '80097978')
('f(x)', '80059218')
("걸스데이(Girl's Day)", '80073726')
('에이오에이(AOA)', '80132659')
('러블리즈(Lovelyz)', '80209592')
('더 콰이엇(The Quiett)', '33303')
('XXX', '80263860')
('E SENS', '80004127')
('드렁큰 타이거(Drunken Tiger)', '6567')
('팔로알토 (Paloalto)', '8008012')
('윤미래', '7406')
('도끼(Dok2)', '80013381')
('박재범(Jay Park)', '80048278')
('지코(Zico)', '80069449')
('기리보이', '80114466')
('빈지노(Beenzino)', '80058413')
('다이나믹듀오', '65291')
('에픽하이 (EPIK HIGH)', '65269')
('가리온(Garion)', '6653')
('버벌진트(Verbal Jint)', '7573')
('쿠마파크(Kuma Park)', '80097807')
('마일드 비츠(Mild Beats)', '80013786')
('DJ 소울스케이프(DJ Soulscape)', '4130')
('PEEJAY', '80022348')
('소리헤다', '80041601')
('타블로+페니(이터널 모닝)', '80028722')
('DEAN(딘)', '80241323')
('Crush', '80142603')
('히피는 집시였다', '20030860')
('서사무엘(Samuel Seo)', '80066870')
('SUMIN(수민)', '20005865')
('Horim', '80243634')
('박재범(Jay Park)', '80048278')
('죠지', '80257960')
('SURAN (수란)', '80086048')
('솔리드(Solid)', '1549')
('박정현', '31663')
('브라운 아이드 소울(Brown Eyed Soul)', '55545')
('정인', '80013376')
('리코(Rico)', '80152648')
('Zion.T', '80085859')
('나얼(Na-Ul)', '3674')
('마이큐(MY-Q)', '80024397')
('소울라이츠(Soulights)', '80049999')
('김반장과 윈디시티', '80009990')
('술탄 오브 더 디스코(Sultan Of The Disco)', '80041839')
('커먼 그라운드(Common Ground)', '71120')
('나잠 수', '80171963')
('오리엔탈 쇼커스(Oriental Showcus)', '80211319')
('Glen Check', '80093531')
('클래지콰이(Clazziquai)', '80000379')
('HUS(허밍어반스테레오)', '80000467')
('센티멘탈 시너리(Sentimental Scenery)', '80020732')
('야광토끼(Neon Bunny)', '80096263')
('키라라(Kirara)', '80192288')
('W & Whale(더블유 앤 웨일)', '80023263')
('캐스커(Casker)', '40150')
('숀(SHAUN)', '80119634')
('IDIOTAPE (이디오테잎)', '80074007')
('Bagagee Viphex13(바가지 바이펙스써틴)', '80056456')
('Raiden(레이든)', '20032176')
('스페이스카우보이(SPACECOWBOY)', '80026619')
('하우스 룰즈(House Rulez)', '80014177')
('DJ HANMIN(디제이 한민)', '80128039')
('프릭하우즈(Freakhouze)', '80050271')
('Peggy Gou(페기 구)', '20028876')
('준코코(Juncoco)', '80056757')
('반달락(Vandal Rock)', '80212787')
('IMLAY', '80195227')
('Flash Finger(플래시핑거)', '80124070')
('Junkilla(정킬라)', '80284474')
('묘(Myo)', '80161940')
('혁오 (HYUKOH)', '80204766')
('잔나비', '80188909')
('넬(NELL)', '7536')
('자우림(Jaurim)', '1443')
('못(Mot)', '71959')
('3호선 버터플라이(3rd Line Butterfly)', '524')
('노리플라이(no reply)', '80026982')
('데이브레이크(DAYBREAK)', '80027063')
('델리 스파이스(Deli Spice)', '1437')
('몽니(Monni)', '80013938')
('브로콜리너마저', '80027768')
('언니네 이발관', '32189')
('피터팬 컴플렉스(Peterpan Complex)', '32113')
('YB', '33211')
('국카스텐(Guckkasten)', '80052013')
('강산에(San-Eh Kang)', '2149')
('갤럭시 익스프레스(Galaxy Express)', '80023888')
('장기하와 얼굴들', '80054221')
('내귀에 도청장치', '23298')
('네미시스(Nemesis)', '80012342')
('노브레인(No Brain)', '4419')
('들국화', '31061')
('문샤이너스(Moonshiners)', '80028770')
('부활', '31752')
('산울림', '21653')
('신중현', '6052')
('신촌 블루스', '48173')
('옐로우 몬스터즈(Yellow Monsters)', '80074804')
('칵스(THE KOXX)', '80070806')
('크라잉넛(Crying Nut)', '3918')
('넥스트(N.EX.T)', '35967')
('다운헬(Downhell)', '80017569')
('메써드(Method)', '80015703')
('다크 미러 오브 트레지디(Dark Mirror Ov Tragedy)', '80062710')
('바세린(VASSLINE)', '40771')
('백두산(Baekdoosan)', '80055503')
('블랙신드롬(Black Syndrome)', '10894')
('블랙 홀(Black Hole)', '22613')
('시나위', '29036')
('예레미(Jeremy)', '551')
('오딘(Oathean)', '51585')
('크래쉬(Crash)', '43794')
('피아(Pia)', '8748')
('Moon (혜원)', '80042085')
('허소영', '80054322')
('박성연', '5489')
('나윤선', '42172')
('나희경', '80111038')
('말로(Malo)', '8996')
('봄여름가을겨울', '21983')
('소히(Sorri)', '80015872')
('써니 킴(Sunny Kim)', '80049710')
('웅산', '2918')
('윈터플레이', '80041464')
('윤한(Yoonhan)', '80086852')
('전제덕', '80003819')
('김오키(Kim O Ki)', '80158348')
('A-Fuzz(에이퍼즈)', '80223067')
('잭 리(Jack Lee)', '12282')
('프렐류드(Prelude)', '80013979')
('곽윤찬', '7758')
('배장은', '80076350')
('서영도', '80020284')
('손성제', '2804')
('송영주', '62204')
("윤석철 트리오(SC Yun's Trio)", '80062020')
('이선지(Sunji Lee)', '80051667')
('임인건', '80002719')
('서수진(SooJin Suh)', '80221447')
('검정치마', '80050546')
('JAMBINAI(잠비나이)', '80077975')
('라이프 앤 타임', '80187946')
('데카당', '20037499')
('딕펑스(Dick Punks)', '80064099')
('세이수미(Say Sue Me)', '80206132')
('파라솔', '80197739')
('신해경', '80207120')
('새소년', '20027236')
('9와 숫자들', '80062575')
('단편선과 선원들(Danpyunsun And The Sailors)', '80206513')
('로맨틱 펀치(Romantic Punch)', '80057914')
('브로큰 발렌타인(Broken Valentine)', '80062369')
('솔루션스(THE SOLUTIONS)', '80128657')
('김사월', '80155402')
('슈가볼(Sugarbowl)', '80020652')
('최고은', '80060790')
('이랑', '80074004')
('안녕하신가영', '80176790')
('루시드 폴', '419')
('요조(Yozoh)', '80025985')
('강아솔', '80125517')
('Lucia(심규선)', '80068176')
('스탠딩 에그(Standing Egg)', '80067125')
("라이너스의 담요(Linus' Blanket)", '53445')
('소란(SORAN)', '80076754')
('에피톤 프로젝트(Epitone Project)', '80021125')
('제이레빗(J Rabbit)', '80087093')
('스웨덴세탁소', '80129020')
('기린(Kirin)', '80060698')
('SUMIN(수민)', '20005865')
('DPR LIVE', '20034170')
('40(포티)', '80101073')
('딥플로우(Deepflow)', '80009274')
('보니', '80063054')
('화지(Hwaji)', '80110067')
('jeebanoff (지바노프)', '80215290')
('진보', '80008901')
('피타입', '18156')
('키라라(Kirara)', '80192288')
('ADOY', '20038118')
('우효(Oohyo)', '80190647')
('신세하(Xin Seha)', '80190208')
('YESEO(예서)', '20009792')
('offonoff (오프온오프)', '20025189')
('이이언(eAeon)', '80001709')
('millic(밀릭)', '80265407')
('CHIMMI(취미)', '80297402')
('Club505(클럽505)', '80046494')
('데미캣(Demicat)', '80023007')
('유카리(Yukari)', '80143422')
('카프카(K.AFKA)', '68101')
('톡식바이어스플뤠르아이비(Toxicbiasfleurivy)', '80008898')
('롤스파이크(Roll Sp!ke)', '80110605')
('트램폴린(Trampauline)', '80045392')
('파라노이드(ParaNoyd)', '80108454')
